title,description,descriptionHTML,summary,installs,minInstalls,realInstalls,score,ratings,reviews,histogram,price,free,currency,sale,saleTime,originalPrice,saleText,offersIAP,inAppProductPrice,developer,developerId,developerEmail,developerWebsite,developerAddress,privacyPolicy,genre,genreId,categories,icon,headerImage,screenshots,video,videoImage,contentRating,contentRatingDescription,adSupported,containsAds,released,lastUpdatedOn,updated,version,comments,appId,url
Allo Bank,"Allo Bank hadir untuk menemani keseharian Allo Friends. Mulai dari Allo Grow yang pas buat nabung fleksibel, Allo Deposito yang pas buat amanin mimpimu, Allo PayLater yang pas buat belanja dadakan, dan berbagai promo yang pas buat belanja hemat dan masih banyak lagi keuntungan yang #PasBuatKamu!

‚è≥Registrasi cepat dan mudah‚úÖ
Upgrade cepat, tanpa video call! Kapan dan di mana saja 

‚ùåSemua Rp0‚ùå
Bayar berbagai tagihan tanpa biaya admin. Transfer gratis TANPA KUOTA via BI-FAST!

‚ú®Promo & cashback di seluruh Indonesia‚ú®
Transaksi di merchant pilihan yang bekerja sama dengan Allo Bank, pakai QRIS & nikmati diskon & cashback untukmu!

üõíBayar VA pakai Allo Prime & Allo PayLaterüõí 
Belanja di e-commerce favoritmu makin sat-set, praktis dan bisa ringan pakai cicilan. Bayar VA pakai Allo Prime atau Allo PayLater sekarang üòéüòç

üôåNabung mudah, untung maksimalüòÜ
üåªAllo Grow
Nabung fleksibel, tarik kapan saja, tetap dapat bunga? Bisa, di Allo Grow. Nabung 90 hari, bunganya 5,25% p.a.! Cocok buat dana darurat. 

üîêAllo Deposito
Mau nabung buat kejar impian? Amankan masa depan di Deposito berjangka. Bunganya hingga 7,5% p.a! Ada extra 1% lagi untuk kamu yang baru buka Allo Deposito* üî•

üòéDapatkan dana tambahan secara instan!üí®
Allo PayLater adalah fitur pinjaman dari Allo Bank yang memberikan berbagai kemudahan dari 1 limit: Belanja dan tarik dana tambahan secara instan!
- Dapatkan tambahan dana hingga Rp100 juta
- Proses cepat, langsung dari aplikasi
- Belanja di mana saja pakai QRIS
‚Å†- Cicilan mudah selama 1,3,6,12, dan 24 bulan
- ‚Å†Biaya bulanan mulai dari 0,1%, biaya tahunan mulai dari 1,2% hingga 76%*
- Tarik Dana Instan dari limit, cair dalam hitungan detik

Simulasi: 
Transaksi dengan QRIS Allo PayLater
Rp1.000.000
Pembayaran cicilan termasuk biaya administrasi*:
Cicilan 3 bulan: Rp349.798
Cicilan 6 bulan: Rp181.247
Cicilan 12 bulan: Rp97.192

Penarikan Dana Instan* Rp3.000.000 dari limit Allo PayLater termasuk biaya layanan*:
Cicilan 3 bulan: Rp1.039.251
Cicilan 6 bulan: Rp534.674
Cicilan 12 bulan: Rp282.808
Cicilan 24 bulan: Rp157.716
*Jumlah cicilan yang ditampilkan adalah estimasi, bunga dapat bervariasi sesuai kebijakan bank dan profil nasabah.

Syarat & Ketentuan bunga 0%:
Program Bunga 0% berlaku untuk nasabah yang melakukan pengajuan dan aktivasi Allo PayLater mulai dari 18 Maret 2025
Nasabah akan mendapatkan bunga 0% untuk sebagian limit kredit mereka ketika menggunakan transaksi QRIS Allo PayLater atau Pencairan Dana Instan untuk cicilan tenor 1 bulan
Bunga 0% dapat digunakan untuk sebagian limit kredit nasabah dengan kriteria berikut:
- Dapat melakukan transaksi s.d 5% dari limit yang dimiliki dengan biaya bunga 0%
- Dapat melakukan transaksi s.d 10% dari limit yang dimiliki dengan biaya bunga 0%

Info lanjut terkait program cicilan 0%: https://www.allobank.com/promo/pricingbenefit2
* info lanjut terkait bunga: https://www.allobank.com/rate-limit-fees

üîíKeamanan tepercaya & terjagaüîí
Tenang menabung dan bertransaksi dengan bank umum berbasis layanan digital, karena PT Allo Bank Indonesia Tbk berizin dan diawasi oleh Otoritas Jasa Keuangan (OJK) dan merupakan peserta program penjaminan Lembaga Penjamin Simpanan (LPS).

Informasi lebih lanjut:
PT Allo Bank Indonesia Tbk
Menara Bank Mega Lt. 5 & Lt. 6
Jl. Kapten P. Tendean No.Kav. 12-14A,
Jakarta Selatan, DKI Jakarta 12790

Allo Care 080 4110 4110
WhatsApp 0822 0822 4110
Instagram: @AlloBank
X: @AlloBankID
Youtube: @AlloBankIndonesia
TikTok: @AlloBankID","Allo Bank hadir untuk menemani keseharian Allo Friends. Mulai dari Allo Grow yang pas buat nabung fleksibel, Allo Deposito yang pas buat amanin mimpimu, Allo PayLater yang pas buat belanja dadakan, dan berbagai promo yang pas buat belanja hemat dan masih banyak lagi keuntungan yang #PasBuatKamu!<br><br>‚è≥Registrasi cepat dan mudah‚úÖ<br>Upgrade cepat, tanpa video call! Kapan dan di mana saja <br><br>‚ùåSemua Rp0‚ùå<br>Bayar berbagai tagihan tanpa biaya admin. Transfer gratis TANPA KUOTA via BI-FAST!<br><br>‚ú®Promo &amp; cashback di seluruh Indonesia‚ú®<br>Transaksi di merchant pilihan yang bekerja sama dengan Allo Bank, pakai QRIS &amp; nikmati diskon &amp; cashback untukmu!<br><br>üõíBayar VA pakai Allo Prime &amp; Allo PayLaterüõí <br>Belanja di e-commerce favoritmu makin sat-set, praktis dan bisa ringan pakai cicilan. Bayar VA pakai Allo Prime atau Allo PayLater sekarang üòéüòç<br><br>üôåNabung mudah, untung maksimalüòÜ<br>üåªAllo Grow<br>Nabung fleksibel, tarik kapan saja, tetap dapat bunga? Bisa, di Allo Grow. Nabung 90 hari, bunganya 5,25% p.a.! Cocok buat dana darurat. <br><br>üîêAllo Deposito<br>Mau nabung buat kejar impian? Amankan masa depan di Deposito berjangka. Bunganya hingga 7,5% p.a! Ada extra 1% lagi untuk kamu yang baru buka Allo Deposito* üî•<br><br>üòéDapatkan dana tambahan secara instan!üí®<br>Allo PayLater adalah fitur pinjaman dari Allo Bank yang memberikan berbagai kemudahan dari 1 limit: Belanja dan tarik dana tambahan secara instan!<br>- Dapatkan tambahan dana hingga Rp100 juta<br>- Proses cepat, langsung dari aplikasi<br>- Belanja di mana saja pakai QRIS<br>‚Å†- Cicilan mudah selama 1,3,6,12, dan 24 bulan<br>- ‚Å†Biaya bulanan mulai dari 0,1%, biaya tahunan mulai dari 1,2% hingga 76%*<br>- Tarik Dana Instan dari limit, cair dalam hitungan detik<br><br>Simulasi: <br>Transaksi dengan QRIS Allo PayLater<br>Rp1.000.000<br>Pembayaran cicilan termasuk biaya administrasi*:<br>Cicilan 3 bulan: Rp349.798<br>Cicilan 6 bulan: Rp181.247<br>Cicilan 12 bulan: Rp97.192<br><br>Penarikan Dana Instan* Rp3.000.000 dari limit Allo PayLater termasuk biaya layanan*:<br>Cicilan 3 bulan: Rp1.039.251<br>Cicilan 6 bulan: Rp534.674<br>Cicilan 12 bulan: Rp282.808<br>Cicilan 24 bulan: Rp157.716<br>*Jumlah cicilan yang ditampilkan adalah estimasi, bunga dapat bervariasi sesuai kebijakan bank dan profil nasabah.<br><br>Syarat &amp; Ketentuan bunga 0%:<br>Program Bunga 0% berlaku untuk nasabah yang melakukan pengajuan dan aktivasi Allo PayLater mulai dari 18 Maret 2025<br>Nasabah akan mendapatkan bunga 0% untuk sebagian limit kredit mereka ketika menggunakan transaksi QRIS Allo PayLater atau Pencairan Dana Instan untuk cicilan tenor 1 bulan<br>Bunga 0% dapat digunakan untuk sebagian limit kredit nasabah dengan kriteria berikut:<br>- Dapat melakukan transaksi s.d 5% dari limit yang dimiliki dengan biaya bunga 0%<br>- Dapat melakukan transaksi s.d 10% dari limit yang dimiliki dengan biaya bunga 0%<br><br>Info lanjut terkait program cicilan 0%: https://www.allobank.com/promo/pricingbenefit2<br>* info lanjut terkait bunga: https://www.allobank.com/rate-limit-fees<br><br>üîíKeamanan tepercaya &amp; terjagaüîí<br>Tenang menabung dan bertransaksi dengan bank umum berbasis layanan digital, karena PT Allo Bank Indonesia Tbk berizin dan diawasi oleh Otoritas Jasa Keuangan (OJK) dan merupakan peserta program penjaminan Lembaga Penjamin Simpanan (LPS).<br><br>Informasi lebih lanjut:<br>PT Allo Bank Indonesia Tbk<br>Menara Bank Mega Lt. 5 &amp; Lt. 6<br>Jl. Kapten P. Tendean No.Kav. 12-14A,<br>Jakarta Selatan, DKI Jakarta 12790<br><br>Allo Care 080 4110 4110<br>WhatsApp 0822 0822 4110<br>Instagram: @AlloBank<br>X: @AlloBankID<br>Youtube: @AlloBankIndonesia<br>TikTok: @AlloBankID",Allo Bank mengerti semua kebutuhanmu!,5.000.000+,5000000,9476450,3.9441166,50433,32537,"[11134, 1498, 1428, 1358, 35010]",0,True,IDR,False,,,,False,,PT. ALLO BANK INDONESIA Tbk,PT.+ALLO+BANK+INDONESIA+Tbk,allocare@allobank.com,https://allobank.com,"ASEAN Tower Building 3rd Floor, Jl K.H Samanhudi No.10 Jakarta 10710, Indonesia",https://www.allobank.com/privacy,Keuangan,FINANCE,"[{'name': 'Keuangan', 'id': 'FINANCE'}]",https://play-lh.googleusercontent.com/0gw4GVJoKuQCDIz8DOXt5fQDEy-RD0BDnQge-BsbnBaBTmXWgqjydABvetmCqTXE1Gm2,https://play-lh.googleusercontent.com/F-eWhDQuAoDNA-bcjqIMMEX_wkNzM6uz7Zn8BNfW3dHY-qojxn0ssVSLIr_W0FCwtzo,"['https://play-lh.googleusercontent.com/4rK4HN-7TC0Ws_nkdWp7ckMrTpEGVbUqE7zkkHf_kMSZwViX3I_BMYYH6UEBpmY4Fuqi', 'https://play-lh.googleusercontent.com/8oqDO808FTismDLIArIQM6yZFnlLq8X5YHV-BbOErWJmkDUPdPd0KCjcubbW8AReJc4', 'https://play-lh.googleusercontent.com/Sl3GHMOSGTp_7CNX3UOJC4IlcdKk5S-LnHgw2W7u10QSwc10dEcaVyUUtJ7fP11rS6kU', 'https://play-lh.googleusercontent.com/mb6En28TjKSwDsPw0d-1FSPmDpaqCO9wpNazb8ChtxIbeMqADpGwPKwnSh3XnTOXBbw', 'https://play-lh.googleusercontent.com/yycezkO-_SnZZFRubWrlUgT0dpBYpScoXDeRQZWk4lUD78HFkZi6raG80jMQa2XabA', 'https://play-lh.googleusercontent.com/1V6XfOvyBY_5PIQ21Dr9ijk1J6VLCU3OKfzidisK6ytz2F91yJC3nRkLpHsDn9Uhltc']",,,Rating 3+,,False,False,14 Mar 2022,12 Apr 2025,1744449559,1.46.42,[],com.alloapp.yump,https://play.google.com/store/apps/details?id=com.alloapp.yump&hl=id&gl=id
Bank Jago/Jago Syariah,"Bank Jago/Jago Syariah adalah aplikasi keuangan digital untuk bertransaksi & menabung bersama orang terdekat, sesuai caramu & prinsip yang kamu yakini.

Apa saja manfaat menggunakan aplikasi ini?
- Buka akun rekening dalam hitungan menit, tanpa saldo minimal, tanpa biaya administrasi bulanan
- Atur pengeluaran & nabung sesuai maumu ke dalam 60 kantong
- Gratis biaya top-up e-Wallet GoPay
- Gratis hingga 150x biaya transfer ke bank lain & 10x gratis penarikan ATM
- Transfer uang cepat dengan tarif terjangkau pakai BI-FAST
- Bayar transaksi non-tunai tinggal scan dengan QRIS Jago
- Tarik tunai di ATM mana saja & praktis belanja online dengan Kartu Debit Jago Visa / GPN
- Bayar tagihan kartu kredit, telepon pascabayar, serta tunaikan zakat & sedekah dari 1 aplikasi
- Nabung di Deposito Jago yang bisa dicairkan kapanpun tanpa penalti & bunga yg kompetitif
- Banyak promo untuk pengguna baru dan pengguna setia
- Terintegrasi dengan aplikasi finansial seperti Bibit, Gobiz, GoPay, Tokopedia & Kredit Pintar, bikin investasi & transaksi semakin mudah

Pisahin banyak kebutuhan & alokasikan budget secara otomatis
Siapkan dana darurat, dana pensiun, dana jalan-jalan ke Jepang, DP rumah, arisan alumni, umrah, naik haji, nikah, uang jajan, uang buat bayar tagihan listrik/ transport bulanan, beli mobil & dana qurban dari 1 aplikasi? Bisa. Top up GoPay, investasi reksa dana di Bibit? Mudah & Gratis! Transfer uang? Aman! Bayar tagihan? Bisa dijadwalkan! Tagih uang patungan? Cepat & bisa dipantau.

Kamu aman dengan Jago
Data & dana kamu aman. Akses ke akunmu terlindungi dengan sistem keamanan berlapis. Masuk ke aplikasi dilindungi dengan metode biometrik atau PIN & tiap autentikasi transaksi juga selalu pake password.

Aman tarik tunai uang cash di ATM & belanja di seluruh dunia
Dengan Kartu Debit Jago VISA, kamu bisa transaksi dengan mudah & aman. Kartu debit terlindungi tanpa CVV & hanya kamu yang punya akses CVV melalui aplikasi. Tersedia kartu debit digital & fisik yang transaksinya bisa dipantau secara real time, bisa diatur limitnya & dipesan lewat aplikasi. Ada juga Kartu Debit Jago GPN untuk transaksi offline di seluruh Indonesia & tarik tunai di ATM atau EDC manapun dengan jaringan GPN di Indonesia.

Transfer uang lebih irit dengan BI-FAST
Dengan BI-FAST kirim uang secara real-time, aman, efisien & terjangkau ke bank lain seperti BCA / blu, Mandiri / Livin‚Äô by Mandiri, BNI / Wondr, BRI / Brimo, Bank Syariah Indonesia BSI / Byond, Bank Neo Commerce, Seabank, BTPN Jenius, CIMB Niaga, Bank Amar, Bank Allo, Krom Bank, Superbank, BTN / Bale & lainnya.

PT Bank Jago Tbk berizin dan diawasi oleh Otoritas Jasa Keuangan (OJK) dan Bank Indonesia, serta merupakan peserta penjaminan LPS. Jago Syariah sesuai dengan fatwa DSN MUI & disupervisi oleh Dewan Pengawas Syariah sehingga amanah untuk umat muslim yang ingin mengatur keuangan sesuai ajaran Islam.

PT Bank Jago Tbk
Menara BTPN Lt. 46
Jl. Dr. Ide Anak Agung Gde Agung Kav.5.5‚Äì5.6
Jakarta Selatan
E-mail: tanya@jago.com
Customer service: 1500 746 / 021 30000746","Bank Jago/Jago Syariah adalah aplikasi keuangan digital untuk bertransaksi &amp; menabung bersama orang terdekat, sesuai caramu &amp; prinsip yang kamu yakini.<br><br>Apa saja manfaat menggunakan aplikasi ini?<br>- Buka akun rekening dalam hitungan menit, tanpa saldo minimal, tanpa biaya administrasi bulanan<br>- Atur pengeluaran &amp; nabung sesuai maumu ke dalam 60 kantong<br>- Gratis biaya top-up e-Wallet GoPay<br>- Gratis hingga 150x biaya transfer ke bank lain &amp; 10x gratis penarikan ATM<br>- Transfer uang cepat dengan tarif terjangkau pakai BI-FAST<br>- Bayar transaksi non-tunai tinggal scan dengan QRIS Jago<br>- Tarik tunai di ATM mana saja &amp; praktis belanja online dengan Kartu Debit Jago Visa / GPN<br>- Bayar tagihan kartu kredit, telepon pascabayar, serta tunaikan zakat &amp; sedekah dari 1 aplikasi<br>- Nabung di Deposito Jago yang bisa dicairkan kapanpun tanpa penalti &amp; bunga yg kompetitif<br>- Banyak promo untuk pengguna baru dan pengguna setia<br>- Terintegrasi dengan aplikasi finansial seperti Bibit, Gobiz, GoPay, Tokopedia &amp; Kredit Pintar, bikin investasi &amp; transaksi semakin mudah<br><br>Pisahin banyak kebutuhan &amp; alokasikan budget secara otomatis<br>Siapkan dana darurat, dana pensiun, dana jalan-jalan ke Jepang, DP rumah, arisan alumni, umrah, naik haji, nikah, uang jajan, uang buat bayar tagihan listrik/ transport bulanan, beli mobil &amp; dana qurban dari 1 aplikasi? Bisa. Top up GoPay, investasi reksa dana di Bibit? Mudah &amp; Gratis! Transfer uang? Aman! Bayar tagihan? Bisa dijadwalkan! Tagih uang patungan? Cepat &amp; bisa dipantau.<br><br>Kamu aman dengan Jago<br>Data &amp; dana kamu aman. Akses ke akunmu terlindungi dengan sistem keamanan berlapis. Masuk ke aplikasi dilindungi dengan metode biometrik atau PIN &amp; tiap autentikasi transaksi juga selalu pake password.<br><br>Aman tarik tunai uang cash di ATM &amp; belanja di seluruh dunia<br>Dengan Kartu Debit Jago VISA, kamu bisa transaksi dengan mudah &amp; aman. Kartu debit terlindungi tanpa CVV &amp; hanya kamu yang punya akses CVV melalui aplikasi. Tersedia kartu debit digital &amp; fisik yang transaksinya bisa dipantau secara real time, bisa diatur limitnya &amp; dipesan lewat aplikasi. Ada juga Kartu Debit Jago GPN untuk transaksi offline di seluruh Indonesia &amp; tarik tunai di ATM atau EDC manapun dengan jaringan GPN di Indonesia.<br><br>Transfer uang lebih irit dengan BI-FAST<br>Dengan BI-FAST kirim uang secara real-time, aman, efisien &amp; terjangkau ke bank lain seperti BCA / blu, Mandiri / Livin‚Äô by Mandiri, BNI / Wondr, BRI / Brimo, Bank Syariah Indonesia BSI / Byond, Bank Neo Commerce, Seabank, BTPN Jenius, CIMB Niaga, Bank Amar, Bank Allo, Krom Bank, Superbank, BTN / Bale &amp; lainnya.<br><br>PT Bank Jago Tbk berizin dan diawasi oleh Otoritas Jasa Keuangan (OJK) dan Bank Indonesia, serta merupakan peserta penjaminan LPS. Jago Syariah sesuai dengan fatwa DSN MUI &amp; disupervisi oleh Dewan Pengawas Syariah sehingga amanah untuk umat muslim yang ingin mengatur keuangan sesuai ajaran Islam.<br><br>PT Bank Jago Tbk<br>Menara BTPN Lt. 46<br>Jl. Dr. Ide Anak Agung Gde Agung Kav.5.5‚Äì5.6<br>Jakarta Selatan<br>E-mail: tanya@jago.com<br>Customer service: 1500 746 / 021 30000746",Atur tabungan untuk beragam keinginan di Ramadan Sesuai Maumu Sesuai Prinsipmu,10.000.000+,10000000,13680279,4.4733057,187459,62020,"[18606, 2706, 3700, 8780, 153662]",0,True,IDR,False,,,,False,,"PT Bank Jago, Tbk","PT+Bank+Jago,+Tbk",tanya@jago.com,https://jago.com/,,https://jago.com/privacypolicy,Keuangan,FINANCE,"[{'name': 'Keuangan', 'id': 'FINANCE'}]",https://play-lh.googleusercontent.com/kQ4lBcT3D5mpvI6iswd8DZ9dvffYQhZANuBMrgCUZ2VNqC1W4Epctm_B0eQBgJJinA,https://play-lh.googleusercontent.com/ACFLoPO3EMiDCxBNdKtBTrEBCEyP2B1YuHxJo0R9EBpURK4to3qRHYc0MFtsT1q4Wk0,"['https://play-lh.googleusercontent.com/7_O7JxZ3OFyYDtMBf-W4RzS1wJCa1ayjsxH5qT0Pj-RI5eN0akMIBK4S29gstKJl-QI', 'https://play-lh.googleusercontent.com/5AGsROw8yyUHg3tGEA_pr_xt_XSUzIRf5IwOs1q7V8qlK9qF92EisVXCdXXAIccw8rNZ', 'https://play-lh.googleusercontent.com/Q5KjCi2jfoV90gWJLEe-gEgk6gbyS7hqha5o2g3v-w56CwOb7y_RPjnHeMW5SKbfPA', 'https://play-lh.googleusercontent.com/90pXM2OKjzR-RH6H92MShop-2IhQylFRHhJQpx458F-NY5x3dd5I1YyeFY6dU2WGzc4F', 'https://play-lh.googleusercontent.com/XuEtOAiHwJIesSCwGyLU7CwRk_3DGMZ7aFunl9DmFpOFESGn5hZO35GOCudgLk5J7x5N', 'https://play-lh.googleusercontent.com/TXAKiNZQiluAKyeAn623ddtQXAF0ZklRHO6l5FfhiiBGMjeflgmo4pdy039kXoOOtA', 'https://play-lh.googleusercontent.com/pkEAX6o6Wo3m6ip2BlnTnW3smD9i96XclrlXN6r5MAKF7TI_Z235JV5aiSAITuaCEQnB', 'https://play-lh.googleusercontent.com/NPEfRyrkwjMEvJneNT8Wf1__Pz4npBM2EtpMiMUYdzByOFmkKPAoaM1GM_IAHe_c4sqI']",https://www.youtube.com/embed/Twjgl-XWJiw?ps=play&vq=large&rel=0&autohide=1&showinfo=0&start=430,https://play-lh.googleusercontent.com/ACFLoPO3EMiDCxBNdKtBTrEBCEyP2B1YuHxJo0R9EBpURK4to3qRHYc0MFtsT1q4Wk0,Rating 3+,,False,False,13 Apr 2021,10 Apr 2025,1744274228,8.62.4,[],com.jago.digitalBanking,https://play.google.com/store/apps/details?id=com.jago.digitalBanking&hl=id&gl=id
SeaBank,"Lebih Untung di SeaBank!
Buka rekening SeaBank praktis, hanya butuh 3 menit. Kamu langsung bisa menikmati:
1. Transaksi Digital Mudah dan Cepat dengan QRIS
Sukses bayar apa pun dan kapan pun hanya dengan sekali scan. 

2. Tanpa Biaya Admin
Bebas biaya admin & biaya transfer ke semua bank.

3. Bunga Tabungan Tinggi s.d. 6% p.a.
Makin untung dengan SeaBank, nikmati bunga Deposito s.d. 6% p.a. 

SeaBank adalah aplikasi untuk layanan perbankan digital yang membantu kamu dalam melakukan aktivitas finansial. Mulai dari menabung hingga bertransaksi, melalui handphone kapan pun dan di mana pun.

Nikmati kemudahan lainnya seperti:
1. Top up e-wallet DANA & ShopeePay GRATIS tanpa batas
2. Transfer pakai No. HP dengan limit tinggi pakai BI-FAST
3. Bayar belanjaan di Shopee dengan Virtual Account (tanpa biaya admin) 
4. Pakai Bayar Instan agar checkout lebih simpel dan GRATIS ONGKIR
5. Mudahnya Setor dan Tarik Tunai di Indomaret pakai SeaBank

Kini, tersedia juga dana instan dengan SeaBank Pinjam*. Berikut keuntungannya: 
1. Limit pinjaman s.d. Rp30.000.000
2. Bebas biaya admin dengan bunga pinjaman kompetitif 2% per bulan 
3. Tenor pembayaran 3, 6, 12 bulan 

Simulasi pinjaman: 
- Nominal pinjaman: Rp500.000
- Tenor pembayaran: 3 bulan 
- Bunga cicilan: 2% per bulan 
- Biaya admin: GRATIS 

*Fitur ini masih bersifat terbatas hanya untuk Nasabah terpilih. 

Aman menabung dan bertransaksi dengan SeaBank karena berizin dan diawasi oleh Otoritas Jasa Keuangan (OJK) dan Bank Indonesia (BI) serta merupakan bank peserta penjaminan Lembaga Penjamin Simpanan (LPS).

PT. Bank Seabank Indonesia
Gama Tower lantai 35 
JI. H.R. Rasuna Said Kav. 22, Karet Kuningan
Jakarta Selatan, 12940

Hubungi tim Customer Service SeaBank (24/7):
1. Telepon: 1500 130
2. Email: cs@seabank.co.id

Cari tahu tentang SeaBank lebih lanjut di media sosial kami:
www.seabank.co.id
Instagram: @SeaBank.ID
Facebook: SeaBank Indonesia
TikTok: @SeaBank.ID
Linkedin: SeaBank Indonesia
Twitter: @SeaBankID","Lebih Untung di SeaBank!<br>Buka rekening SeaBank praktis, hanya butuh 3 menit. Kamu langsung bisa menikmati:<br>1. Transaksi Digital Mudah dan Cepat dengan QRIS<br>Sukses bayar apa pun dan kapan pun hanya dengan sekali scan. <br><br>2. Tanpa Biaya Admin<br>Bebas biaya admin &amp; biaya transfer ke semua bank.<br><br>3. Bunga Tabungan Tinggi s.d. 6% p.a.<br>Makin untung dengan SeaBank, nikmati bunga Deposito s.d. 6% p.a. <br><br>SeaBank adalah aplikasi untuk layanan perbankan digital yang membantu kamu dalam melakukan aktivitas finansial. Mulai dari menabung hingga bertransaksi, melalui handphone kapan pun dan di mana pun.<br><br>Nikmati kemudahan lainnya seperti:<br>1. Top up e-wallet DANA &amp; ShopeePay GRATIS tanpa batas<br>2. Transfer pakai No. HP dengan limit tinggi pakai BI-FAST<br>3. Bayar belanjaan di Shopee dengan Virtual Account (tanpa biaya admin) <br>4. Pakai Bayar Instan agar checkout lebih simpel dan GRATIS ONGKIR<br>5. Mudahnya Setor dan Tarik Tunai di Indomaret pakai SeaBank<br><br>Kini, tersedia juga dana instan dengan SeaBank Pinjam*. Berikut keuntungannya: <br>1. Limit pinjaman s.d. Rp30.000.000<br>2. Bebas biaya admin dengan bunga pinjaman kompetitif 2% per bulan <br>3. Tenor pembayaran 3, 6, 12 bulan <br><br>Simulasi pinjaman: <br>- Nominal pinjaman: Rp500.000<br>- Tenor pembayaran: 3 bulan <br>- Bunga cicilan: 2% per bulan <br>- Biaya admin: GRATIS <br><br>*Fitur ini masih bersifat terbatas hanya untuk Nasabah terpilih. <br><br>Aman menabung dan bertransaksi dengan SeaBank karena berizin dan diawasi oleh Otoritas Jasa Keuangan (OJK) dan Bank Indonesia (BI) serta merupakan bank peserta penjaminan Lembaga Penjamin Simpanan (LPS).<br><br>PT. Bank Seabank Indonesia<br>Gama Tower lantai 35 <br>JI. H.R. Rasuna Said Kav. 22, Karet Kuningan<br>Jakarta Selatan, 12940<br><br>Hubungi tim Customer Service SeaBank (24/7):<br>1. Telepon: 1500 130<br>2. Email: cs@seabank.co.id<br><br>Cari tahu tentang SeaBank lebih lanjut di media sosial kami:<br>www.seabank.co.id<br>Instagram: @SeaBank.ID<br>Facebook: SeaBank Indonesia<br>TikTok: @SeaBank.ID<br>Linkedin: SeaBank Indonesia<br>Twitter: @SeaBankID",Aplikasi perbankan digital untuk lakukan aktivitas finansial lewat handphone!,10.000.000+,10000000,23051835,4.871003,1753328,225138,"[13502, 5694, 19604, 115869, 1598655]",0,True,IDR,False,,,,False,,SeaBank Indonesia,SeaBank+Indonesia,cs@seabank.co.id,https://www.seabank.co.id/,,https://www.seabank.co.id/privacy-policy,Keuangan,FINANCE,"[{'name': 'Keuangan', 'id': 'FINANCE'}]",https://play-lh.googleusercontent.com/ZGLrjk0PKIj2L4DaWiKmhAf0f6cBXml6eHgjRpJhQ4XQpGvw4T5d4hjl_EQF5jY9Vked,https://play-lh.googleusercontent.com/VPlrV0gG72uic5sA8TrMoRT_QXXIvMgbOxl6mp7xR9hvTa6DnctKWqZrl8GBGN-Vgg,"['https://play-lh.googleusercontent.com/IRchKRRWL7YBIvZuC-2NPN7U1JGb6DPWfy8NAAUvoN7KYV2c-FRDA7t16otvIeF8EQ', 'https://play-lh.googleusercontent.com/FlKagMoWTEQWrIAIPykpCMK8dIWmzq-zuJrFY1noLcOX-vnc8Xp5FabAlC4Q2bILGA', 'https://play-lh.googleusercontent.com/2sZDmYYW-GtrSWPECr45gNUlSg41Fy3lHcq8xVTirMKfa4fxdAU2gdNky-i0bMQiHCGW', 'https://play-lh.googleusercontent.com/_w6m4BqGXHpiUe_ZruM9W70KwLmhbdURtZk4TCTsyOW5TOvlLSgG2rd6fT1d-oQ1C8vN', 'https://play-lh.googleusercontent.com/OvB-KB-M6_GscJXjnFXoC06TApUIU1qLqpJvHmr3aDo8nE9srS1VuZcHMzyzfchUyg', 'https://play-lh.googleusercontent.com/qgCNdps5JehflCESNXjmGMuV5gKewm4Gx2ZoVOjqXQY-qvoGlpuYMKMUZRnoaRD5EbY']",https://www.youtube.com/embed/rojgxbMf3TY?ps=play&vq=large&rel=0&autohide=1&showinfo=0,https://play-lh.googleusercontent.com/VPlrV0gG72uic5sA8TrMoRT_QXXIvMgbOxl6mp7xR9hvTa6DnctKWqZrl8GBGN-Vgg,Rating 3+,,False,False,26 Feb 2021,10 Apr 2025,1744352465,3.17.0,[],id.co.bankbkemobile.digitalbank,https://play.google.com/store/apps/details?id=id.co.bankbkemobile.digitalbank&hl=id&gl=id
Jenius,"Cara mudah atur kehidupan/keuangan dengan aplikasi serta kartu debit dan kartu kredit Visa. 

Lebih dari 4.000.000 pengguna telah mulai mewujudkan kehidupan finansial yang lebih baik bersama Jenius.  

Semua kebutuhan finansialmu, dari transaksi, tabungan, kredit, investasi, hingga report keuangan, kini bisa kamu akses di 1 tempat tanpa harus pindah aplikasi.  

Siap mulai mempermudah kehidupan keuanganmu? 

Download aplikasi Jenius, registrasi dan aktivasi rekening yang bisa kamu lakukan di mana saja dengan cepat menggunakan fitur Pengenalan Wajah. 

Dengan m-Card (kartu debit utama Jenius) beserta 3 kartu debit tambahan, kamu bisa transaksi di berbagai merchant Visa di berbagai negara. Kamu juga akan mendapatkan e-Card juga bisa kamu pakai untuk bayar tagihan streaming film, musik, game, bayar/beli aplikasi dan lainnya. 

Rewards menarik juga menunggumu bersama Kartu Kredit Jenius. Apply, atur, dan tukar poin di aplikasi dengan mudah. Travel miles, point, dan saldo e-Wallet tersedia sebagai opsi penukaran poin. 

Bagi yang punya rencana untuk traveling, kamu bisa tukar 9 mata uang asing (USD, SGD, JPY, GBP, AUD, HKD, EUR, THB, CNY) langsung di aplikasi Jenius dan dihubungkan ke m-Card untuk bertransaksi. 


Untuk transaksi online, kamu bisa gunakan: 
- Jenius Pay: Belanja online hanya pakai $Cashtag. 
- Jenius QR: Bayar tinggal scan QRIS. 
- Send It: Transfer ke berbagai rekening serta bayar tagihan (internet, kartu kredit, beli pulsa, listrik, zakat, dan lainnya). 
Transaksi pakai Jenius jadi lebih hemat karena ada banyak promo setiap harinya. 

Nabung sesuai kebutuhan juga lebih simpel dengan fitur: 
- Flexi Saver: 3 tabungan fleksibel untuk alokasikan kebutuhan. 
- Flexi Rasa Maxi: Kunci tabungan untuk dapatkan cashback, emas, dan gadget di awal. 
- Dream Saver: 5 tabungan untuk membantu wujudkan mimpi. 
- Maxi Saver: Buka deposito sebanyak yang kamu mau dari smartphone. 

Fitur lainnya yang bisa kamu gunakan adalah: 
- e-Wallet Center: Praktis top up hingga 10 e-Wallet (GoPay, OVO, LinkAja, DANA, BNI TapCash, mandiri e-money, ShopeePay, dan M-Tix). 
- Pay Me: Tagih uang langsung dari smartphone. 
- Split Bill: Bagi patungan dengan mudah. 
- Flexi Cash: Cairkan dana fleksibel untuk beragam kebutuhan. 
- Creditbility: Ajukan dan alokasikan ke 3 produk kredit (Jenius Paylater, Flexi Cash, atau Kartu Kredit Jenius) sesuai kebutuhanmu. 
- Investasi: Diversifikasi keuangan dengan reksa dana. 
- Jenius Paylater: Pilihan sumber keuangan untuk jajan di tanggal tua. 
- Moneytory: Insights laporan keuangan. 

Dengan membayar Feesible (subscription fee) hanya sebesar Rp10.000 per bulan, kamu bisa menikmati kemudahan mengatur keuangan bersama Jenius. 

Jenius adalah digital banking dan bagian dari PT Bank SMBC Indonesia Tbk berizin dan diawasi oleh Otoritas Jasa Keuangan (OJK), Bank Indonesia (BI) dan merupakan peserta penjaminan LPS. 

Temukan info selengkapnya di www.jenius.com dan mari mulai hidupmu yang baru bersama Jenius. 


Simpler Life, Happier You 


Head Office 
PT Bank SMBC Indonesia Tbk 
Menara SMBC‚Äì CBD Mega Kuningan 
Jl. Dr. Ide Anak Agung Gde Agung Kav 5.5-5.6 
Jakarta 12950 
Website: https://www.smbci.com","Cara mudah atur kehidupan/keuangan dengan aplikasi serta kartu debit dan kartu kredit Visa. <br><br>Lebih dari 4.000.000 pengguna telah mulai mewujudkan kehidupan finansial yang lebih baik bersama Jenius.  <br><br>Semua kebutuhan finansialmu, dari transaksi, tabungan, kredit, investasi, hingga report keuangan, kini bisa kamu akses di 1 tempat tanpa harus pindah aplikasi.  <br><br>Siap mulai mempermudah kehidupan keuanganmu? <br><br>Download aplikasi Jenius, registrasi dan aktivasi rekening yang bisa kamu lakukan di mana saja dengan cepat menggunakan fitur Pengenalan Wajah. <br><br>Dengan m-Card (kartu debit utama Jenius) beserta 3 kartu debit tambahan, kamu bisa transaksi di berbagai merchant Visa di berbagai negara. Kamu juga akan mendapatkan e-Card juga bisa kamu pakai untuk bayar tagihan streaming film, musik, game, bayar/beli aplikasi dan lainnya. <br><br>Rewards menarik juga menunggumu bersama Kartu Kredit Jenius. Apply, atur, dan tukar poin di aplikasi dengan mudah. Travel miles, point, dan saldo e-Wallet tersedia sebagai opsi penukaran poin. <br><br>Bagi yang punya rencana untuk traveling, kamu bisa tukar 9 mata uang asing (USD, SGD, JPY, GBP, AUD, HKD, EUR, THB, CNY) langsung di aplikasi Jenius dan dihubungkan ke m-Card untuk bertransaksi. <br><br><br>Untuk transaksi online, kamu bisa gunakan: <br>- Jenius Pay: Belanja online hanya pakai $Cashtag. <br>- Jenius QR: Bayar tinggal scan QRIS. <br>- Send It: Transfer ke berbagai rekening serta bayar tagihan (internet, kartu kredit, beli pulsa, listrik, zakat, dan lainnya). <br>Transaksi pakai Jenius jadi lebih hemat karena ada banyak promo setiap harinya. <br><br>Nabung sesuai kebutuhan juga lebih simpel dengan fitur: <br>- Flexi Saver: 3 tabungan fleksibel untuk alokasikan kebutuhan. <br>- Flexi Rasa Maxi: Kunci tabungan untuk dapatkan cashback, emas, dan gadget di awal. <br>- Dream Saver: 5 tabungan untuk membantu wujudkan mimpi. <br>- Maxi Saver: Buka deposito sebanyak yang kamu mau dari smartphone. <br><br>Fitur lainnya yang bisa kamu gunakan adalah: <br>- e-Wallet Center: Praktis top up hingga 10 e-Wallet (GoPay, OVO, LinkAja, DANA, BNI TapCash, mandiri e-money, ShopeePay, dan M-Tix). <br>- Pay Me: Tagih uang langsung dari smartphone. <br>- Split Bill: Bagi patungan dengan mudah. <br>- Flexi Cash: Cairkan dana fleksibel untuk beragam kebutuhan. <br>- Creditbility: Ajukan dan alokasikan ke 3 produk kredit (Jenius Paylater, Flexi Cash, atau Kartu Kredit Jenius) sesuai kebutuhanmu. <br>- Investasi: Diversifikasi keuangan dengan reksa dana. <br>- Jenius Paylater: Pilihan sumber keuangan untuk jajan di tanggal tua. <br>- Moneytory: Insights laporan keuangan. <br><br>Dengan membayar Feesible (subscription fee) hanya sebesar Rp10.000 per bulan, kamu bisa menikmati kemudahan mengatur keuangan bersama Jenius. <br><br>Jenius adalah digital banking dan bagian dari PT Bank SMBC Indonesia Tbk berizin dan diawasi oleh Otoritas Jasa Keuangan (OJK), Bank Indonesia (BI) dan merupakan peserta penjaminan LPS. <br><br>Temukan info selengkapnya di www.jenius.com dan mari mulai hidupmu yang baru bersama Jenius. <br><br><br>Simpler Life, Happier You <br><br><br>Head Office <br>PT Bank SMBC Indonesia Tbk <br>Menara SMBC‚Äì CBD Mega Kuningan <br>Jl. Dr. Ide Anak Agung Gde Agung Kav 5.5-5.6 <br>Jakarta 12950 <br>Website: https://www.smbci.com",Cara mudah atur kehidupan/keuangan dengan aplikasi dan kartu debit Visa,10.000.000+,10000000,12557518,3.3097358,201583,128121,"[70807, 9701, 9408, 9570, 102091]",0,True,IDR,False,,,,False,,PT Bank SMBC Indonesia Tbk,PT+Bank+SMBC+Indonesia+Tbk,jenius-help@smbci.com,http://www.jenius.com,"Menara SMBC
CBD (Central Business District) Mega Kuningan
Jl. Dr. Ide Anak Agung Gde Agung Kav 5.5 - 5.6
Jakarta
12950
INDONESIA",https://www.jenius.com/privacy-policy/,Keuangan,FINANCE,"[{'name': 'Keuangan', 'id': 'FINANCE'}]",https://play-lh.googleusercontent.com/bmW78ooeOboSNnpZKGxfJgXFUfacJ5Ye7Af8MHKKoKpVMNsDXnxyExShw30nGwS55QjY,https://play-lh.googleusercontent.com/sF9_1Y9tsLypeAv6T7K1XXPMEp-zM9xWR0feCaJ5Ycp6Ksr2kqtoEFt7fdmHydVSjt0,"['https://play-lh.googleusercontent.com/JMIVYT_BdyLD4HqktLCFkguUVjgpARp4I5lXJH43H0aPGOAeNZO3AEVYN75KOLO8bVM', 'https://play-lh.googleusercontent.com/Cdsf4hMkhbdBlf48lrsoQckXwc328_tn1uDAzS3ePsGisXK6ho78pxKAphUOb0rif_E', 'https://play-lh.googleusercontent.com/nfFPsNFCDgEnveeHD1JpPpF7T4TF1zPXbk4TIlZOO39QgMFS0P4P_H7MnrVFGN9JzEI', 'https://play-lh.googleusercontent.com/IVq1foRtSjUCbNOYc1SkeiIB0R5kdPZRfwzxhPPMymhR4zQReJSSDr_Ig9EKpnw1tdE', 'https://play-lh.googleusercontent.com/xTvZ5DnR0E-LvEwojR9FmHj9JKUUia1_p5hXSLK17M_Y9C_m_hJOYaMGT6TzwZ3YTQc', 'https://play-lh.googleusercontent.com/CbmqLDZIr1T3nIEVwuIj4AHb4iPOmhztrnACFr6hWQg2kkM3eeXGodRf_gzsYYZ7_mA', 'https://play-lh.googleusercontent.com/W2hb4syN5DomzJCT9R0NcX1-sRTYu1RtB2JYF-kD9uus1szeVrZtIsVVm8Ln26qaA1cj', 'https://play-lh.googleusercontent.com/unPG-WQ2YrBkri13hYVhvQZ9fowPhHS90yizytQkkN3cCSX-8VAQwhTrwQ_02TMJahg']",https://www.youtube.com/embed/nwdWiI57B7Y?ps=play&vq=large&rel=0&autohide=1&showinfo=0,https://play-lh.googleusercontent.com/sF9_1Y9tsLypeAv6T7K1XXPMEp-zM9xWR0feCaJ5Ycp6Ksr2kqtoEFt7fdmHydVSjt0,Rating 3+,,False,False,10 Agu 2016,10 Apr 2025,1744303330,4.29.0,[],com.btpn.dc,https://play.google.com/store/apps/details?id=com.btpn.dc&hl=id&gl=id
blu by BCA Digital,"blu Siap Jadi Pegangan Finansialmu!
¬†
blu menjawab kebutuhan finansial kamu dengan cara baru agar kamu bisa wujudkan apa pun yang kamu tuju. blu adalah aplikasi mobile banking dari BCA Digital, anak perusahaan BCA
¬†
blu punya layanan seamless yang bisa bikin kamu tenang dengan:
‚Ä¢ Koneksi ke sistem BCA
‚Ä¢ Sistem keamanan transaksi menggunakan PIN, Password, CVC, dan biometrik.
‚Ä¢ Customer care haloblu yang selalu ada buat kamu
¬†
Ada Untukmu, Apa Pun Tujuanmu
¬†
Pengen nabung buat sepatu baru? Gadget baru? Rumah? Mobil? Sekolah? Apa pun tujuanmu, we‚Äôve got your back! blu punya akses layanan perbankan digital yang mudah dengan pengalaman yang seru. Kamu bisa:
¬†
‚Ä¢ Punya 20 tabungan dalam 1 rekening
‚Ä¢ Patungan online bisa sampai 50 orang
‚Ä¢ Buka deposito mulai dari Rp 1 juta, pencairan sebelum jatuh tempo gak kena penalti
‚Ä¢ Bayar/beli dalam satu aplikasi
‚Ä¢ Bayar pakai QRIS
‚Ä¢ bluVirtual Card dan bluDebit Card yang terkoneksi dengan Mastercard, memudahkan transaksimu di dalam maupun luar negeri.
‚Ä¢ Tarik dan Setor Tunai di ATM BCA
‚Ä¢ Investasi di bluInvest bekerjasama dengan partner terpercaya
¬†
¬†
Eits, belum selesai! Pakai blu bebas biaya admin bulanan, bebas biaya transfer via BI-FAST dari dan ke BCA unlimited,
¬†
So...tunggu apa lagi? Download blu sekarang!
¬†
Perlu bantuan? Haloblu siap bantu kamu 24/7 via telepon 1500 668/ WhatsApp 0811-6500-668
¬†
PT Bank Digital BCA
Menara blu, The City Tower Lantai 11 Jl. M.H. Thamrin No.81, Menteng, 10310, Jakarta, Indonesia 10310
https://www.blubybcadigital.id/","blu Siap Jadi Pegangan Finansialmu!<br>¬†<br>blu menjawab kebutuhan finansial kamu dengan cara baru agar kamu bisa wujudkan apa pun yang kamu tuju. blu adalah aplikasi mobile banking dari BCA Digital, anak perusahaan BCA<br>¬†<br>blu punya layanan seamless yang bisa bikin kamu tenang dengan:<br>‚Ä¢ Koneksi ke sistem BCA<br>‚Ä¢ Sistem keamanan transaksi menggunakan PIN, Password, CVC, dan biometrik.<br>‚Ä¢ Customer care haloblu yang selalu ada buat kamu<br>¬†<br>Ada Untukmu, Apa Pun Tujuanmu<br>¬†<br>Pengen nabung buat sepatu baru? Gadget baru? Rumah? Mobil? Sekolah? Apa pun tujuanmu, we‚Äôve got your back! blu punya akses layanan perbankan digital yang mudah dengan pengalaman yang seru. Kamu bisa:<br>¬†<br>‚Ä¢ Punya 20 tabungan dalam 1 rekening<br>‚Ä¢ Patungan online bisa sampai 50 orang<br>‚Ä¢ Buka deposito mulai dari Rp 1 juta, pencairan sebelum jatuh tempo gak kena penalti<br>‚Ä¢ Bayar/beli dalam satu aplikasi<br>‚Ä¢ Bayar pakai QRIS<br>‚Ä¢ bluVirtual Card dan bluDebit Card yang terkoneksi dengan Mastercard, memudahkan transaksimu di dalam maupun luar negeri.<br>‚Ä¢ Tarik dan Setor Tunai di ATM BCA<br>‚Ä¢ Investasi di bluInvest bekerjasama dengan partner terpercaya<br>¬†<br>¬†<br>Eits, belum selesai! Pakai blu bebas biaya admin bulanan, bebas biaya transfer via BI-FAST dari dan ke BCA unlimited,<br>¬†<br>So...tunggu apa lagi? Download blu sekarang!<br>¬†<br>Perlu bantuan? Haloblu siap bantu kamu 24/7 via telepon 1500 668/ WhatsApp 0811-6500-668<br>¬†<br>PT Bank Digital BCA<br>Menara blu, The City Tower Lantai 11 Jl. M.H. Thamrin No.81, Menteng, 10310, Jakarta, Indonesia 10310<br>https://www.blubybcadigital.id/","Mulai Langkahmu Buka Rekening, Menabung, Buka Deposito, Transaksi Online & QRIS",1.000.000+,1000000,4087168,4.567126,105935,29095,"[6562, 1982, 3159, 7336, 86891]",0,True,IDR,False,,,,False,,BCA Digital,BCA+Digital,haloblu@bcadigital.co.id,https://blubybcadigital.id,"The City Tower Lantai 11, Jl. M.H. Thamrin No.81, RT.1/RW.6, Dukuh Atas, Menteng, Kec. Menteng, Kota Jakarta Pusat, Daerah Khusus Ibukota Jakarta 10310",https://blubybcadigital.id/info/term,Keuangan,FINANCE,"[{'name': 'Keuangan', 'id': 'FINANCE'}]",https://play-lh.googleusercontent.com/Oo0s1F8txpxZWsrNuK_uEtfA2nRXmF_ZArfKnikup6Aq7kT-uyypu2feypA60RY8FBnD,https://play-lh.googleusercontent.com/w9zU4SFnrCwItJ8C34TY944hFC9DnL88u2HCPJLbx3rXD2-iD-tTA4ZeDCjQ7kbrGRY,"['https://play-lh.googleusercontent.com/ifZgozd_mWfO5n0DleoTZ5urXzct_dBUMMXAOGmXl7IUmW0aowNFtWQH5jUwYoFcG5s', 'https://play-lh.googleusercontent.com/HuLtV5cWYPEkkzSwQ8CRHMT_4BBycmjZKM10XX9h5MD5_nqxooCOPyrKJMHhU1qu_Ak', 'https://play-lh.googleusercontent.com/qAK0O0jsBFDsgomSGM1D6FsieNSGtqq_DSLBdn3ZvEw6cF-deiMdEWr5SbDr5uTE0OIf', 'https://play-lh.googleusercontent.com/fljOj0BX10FIokYbJO9dF90lZkbAZoCsFmEXl42kb9_EI4yUfOrz9rnBCoPWK6HpbZc', 'https://play-lh.googleusercontent.com/g2QxDv97R8-ilxa9O309GOCsO7Y1Pc8kgcPfoI4GK6htbGppXdXvsSy24rC10UTxRp_Q', 'https://play-lh.googleusercontent.com/c6EuugHouLbSOkJrOLHWcW4R15PkQSbJ-mXY610BIpgE9wPAvOVQZaTt2r-hDeL2nYA', 'https://play-lh.googleusercontent.com/Hd3xrpm_4U5pxvM9c1aa8rFoXn8jzTGUGmTohr8AkRM9TbdGYcEGrqPpMxQ37Hpgyx0', 'https://play-lh.googleusercontent.com/1vn6kGtO8u0tcnpvHnuQRjLnbryw-aPOad321BcooW8K5IkDJzgWka-VXT_87649FA']",,,Rating 3+,,False,False,17 Jun 2021,22 Mar 2025,1742636424,1.63.10,[],com.bcadigital.blu,https://play.google.com/store/apps/details?id=com.bcadigital.blu&hl=id&gl=id
Raya - Digital Bank,"Bank digital pilihan untuk kelola keuangan personal dan bisnis dalam satu akun.

Sebagai bagian dari BRI Group, Raya siap bantu kamu kelola keuangan dengan mudah, aman, dan nyaman setiap harinya.

Apa keuntungan pakai Raya? 

Di Raya, nabungnya bebas biaya 
Buka rekening lewat HP, hanya 4 menit
Gratis biaya admin bulanan
Bebas setoran awal dan tanpa minimal saldo

Praktis penuhi berbagai kebutuhan
Ada Saku Raya buat atur keuangan, mulai dari bujetin bulanan, nabung wujudin impian, sampai nabung bareng hingga 100 kawan
Mudah pisahin keuangan personal dan bisnis dalam satu aplikasi
Pinjaman hingga Rp25 juta di Pinang Flexi, khusus buat kamu yang gajian lewat Raya atau BRI. 

Aksesnya luas di seluruh Indonesia 
Ada 25 Community Branch Raya tersebar di Indonesia
Setor tunai di Kantor Bank BRI, Agen BRILink dan Community Branch Raya
Tarik tunai di Indomaret, ATM BRI, Agen BRILink dan Community Branch Raya

Transaksi aman bikin nyaman
Smart login, cepat dan aman dengan sidik jari atau scan wajah.
Fitur Ekstra Pengamanan untuk transaksi nominal besar.
Keamanan berlapis menggunakan kode OTP dan verifikasi wajah.

Dapatkan juga cashback, voucher, dan berbagai misi seru hanya untukmu.
Tunggu apalagi, mulai #RayakanKemudahan bersama Raya! #BankDigitalPilihanmu #BebasinBarengRaya

Untuk informasi lebih lengkap, hubungi Sapa Raya di:
Contact Center: 1500 494
WhatsApp: 081210000494
Instagram: @bankraya

PT Bank Raya Indonesia Tbk. 
Gedung Menara BRILiaN 
Jl. Gatot Subroto No. 177A, Kel No.RT 009/01, Menteng Dalam, Tebet, Jakarta Selatan, Jakarta 12870.","Bank digital pilihan untuk kelola keuangan personal dan bisnis dalam satu akun.<br><br>Sebagai bagian dari BRI Group, Raya siap bantu kamu kelola keuangan dengan mudah, aman, dan nyaman setiap harinya.<br><br>Apa keuntungan pakai Raya? <br><br>Di Raya, nabungnya bebas biaya <br>Buka rekening lewat HP, hanya 4 menit<br>Gratis biaya admin bulanan<br>Bebas setoran awal dan tanpa minimal saldo<br><br>Praktis penuhi berbagai kebutuhan<br>Ada Saku Raya buat atur keuangan, mulai dari bujetin bulanan, nabung wujudin impian, sampai nabung bareng hingga 100 kawan<br>Mudah pisahin keuangan personal dan bisnis dalam satu aplikasi<br>Pinjaman hingga Rp25 juta di Pinang Flexi, khusus buat kamu yang gajian lewat Raya atau BRI. <br><br>Aksesnya luas di seluruh Indonesia <br>Ada 25 Community Branch Raya tersebar di Indonesia<br>Setor tunai di Kantor Bank BRI, Agen BRILink dan Community Branch Raya<br>Tarik tunai di Indomaret, ATM BRI, Agen BRILink dan Community Branch Raya<br><br>Transaksi aman bikin nyaman<br>Smart login, cepat dan aman dengan sidik jari atau scan wajah.<br>Fitur Ekstra Pengamanan untuk transaksi nominal besar.<br>Keamanan berlapis menggunakan kode OTP dan verifikasi wajah.<br><br>Dapatkan juga cashback, voucher, dan berbagai misi seru hanya untukmu.<br>Tunggu apalagi, mulai #RayakanKemudahan bersama Raya! #BankDigitalPilihanmu #BebasinBarengRaya<br><br>Untuk informasi lebih lengkap, hubungi Sapa Raya di:<br>Contact Center: 1500 494<br>WhatsApp: 081210000494<br>Instagram: @bankraya<br><br>PT Bank Raya Indonesia Tbk. <br>Gedung Menara BRILiaN <br>Jl. Gatot Subroto No. 177A, Kel No.RT 009/01, Menteng Dalam, Tebet, Jakarta Selatan, Jakarta 12870.","Nabung aman, mudah dan menyenangkan #Rayakanlah",1.000.000+,1000000,1358895,4.384216,9700,7186,"[1047, 160, 331, 634, 7523]",0,True,IDR,False,,,,False,,PT Bank Raya Indonesia Tbk.,5830525976261648564,developer@bankraya.co.id,https://bankraya.co.id,,https://static-web.bankraya.co.id/terms-conditions,Keuangan,FINANCE,"[{'name': 'Keuangan', 'id': 'FINANCE'}]",https://play-lh.googleusercontent.com/wQmDSb24VXPZkijIq-AEbU1neMCxXPsxU0_ALGRRb4qJ01KJQu7oAJ0g7iBGv0QayGgb,https://play-lh.googleusercontent.com/nMEd4unFvQ7KbZsxWgaU2O3FMKZadQaobESPMkDRp1A-z4VcXc-AhY1maMEO4f9EzLkg,"['https://play-lh.googleusercontent.com/J1lXX3rauGXxgQFUAdMDNaiKsUcF2-wprRfr4SSEyr0ItdyLiZdVWGlsDn7t3GhMw08q', 'https://play-lh.googleusercontent.com/_fRPs0V46M6yhT8gn_RXBiEuBIafvWYt_mMAcWyZpwc1dJcGxFjm8Iak_lNZymmwc8E', 'https://play-lh.googleusercontent.com/gTdoqwCv28SXFiyUnwuaAyOhxmcPd4I-dtyBryWFJM7VC10-_YfrArExTUX3o6BvoyOC', 'https://play-lh.googleusercontent.com/RmyjKjfyX0zGj_B3_rMPtyfp6dVEp5HwVnl-KyVPbGeI8mhhiFRKjKF7Dye9s72qR2tE', 'https://play-lh.googleusercontent.com/97rEjNJkuX9fxVNXvXWXUBqJeCj8iWd9lD4tWu7pB5ZRg4JzBG_OfdnzejeNhHU61q0', 'https://play-lh.googleusercontent.com/2Docx6CuKjyGwGoi6QMhO7HzMKpR6PhZyd7uu6lmNkxKhO94bJuRtIUOk_SZjcUdLw0', 'https://play-lh.googleusercontent.com/TROOthqyfPUpWLQ4Y7CqBXmgFYN2fnRJ1Bu-SZWwEZQQkbPPdz-2NM_pQHvh1Xfu_w', 'https://play-lh.googleusercontent.com/I3t1qYIkjyZrc2IBkzcl4HSB4qTPvKE9Socvsu2EIaApZioCobOl8hYSiVjTB9i8xQ', 'https://play-lh.googleusercontent.com/cItjoPh2-Lgw5AsWLjFyzOUBH56OmNfRDMDFpKfXwgsr__1BdmqvBiVE9ReNqvujk1Cn', 'https://play-lh.googleusercontent.com/AEvjG4xsXwdQ3F3mvoIJN7wjToSp6Ce-U-nMtlw5T7FTvonBMHSTtRxm3lcb9kENV98', 'https://play-lh.googleusercontent.com/i1UMZw7sA08WxeADkwuN5XZNxbERunld-r0SE5wYCS0W3bddr8R-3QBi_bm8R6Sd63s', 'https://play-lh.googleusercontent.com/nR397nMeC0xOrvH9o3hQG6V3IL0NIqMKo255QsRp9U_Q3TKh3FxchU-B25hy-igjow', 'https://play-lh.googleusercontent.com/q6NutKFP9kjluM9g31lKbZgC8VrkZZuAfim9hfakvnGXAlMaM4kGl1Eydh0RjTGzDQ', 'https://play-lh.googleusercontent.com/yrNkkFDoWh5oQAnU9ZjXtyNBeGOnx14zcmz7kgzcPJ4Y6X_ej6jsGxuOLQ3aQGOohZc', 'https://play-lh.googleusercontent.com/A_qV_aabELY-x1EKv0psEyS-lBZuZbs0kjQBjUs_8kVHTIrBwa03Hx2kG-Ze4T2uFyY', 'https://play-lh.googleusercontent.com/oKCrKvouBSbZ6LIp11s-h_4V1OsXzIW6Ior_SNz-NhnvSU05OKJ2hqag0SRQ4-Z992k', 'https://play-lh.googleusercontent.com/QJnyXA0SpS1_DZ46FLlBzjNP0N83QS6bQBYSkekLv7fQIgga6xPJpo9EoitEGp5e1A', 'https://play-lh.googleusercontent.com/pXdYdPtDHjTStupoPRR5cJOa--EG3bTUWlUqOXDJyqGXjBlp3noLOfBpKuL_6zdAQzBC', 'https://play-lh.googleusercontent.com/ZG8KnOCI2nRSt7WbPXoHRSejLtgQXKOSLGCHbNrbadaeTPf9O-x_oLecGEeupamPfCA', 'https://play-lh.googleusercontent.com/l9La6Ej-7HgHFOdUDXWP1LKDeXGQLNL6pAABqsij23jjA2BqTHi4c0e_fmvz3UXoIw', 'https://play-lh.googleusercontent.com/t5911uEFXKOKqsswS5gXioHvM91vDNDrTDzKo_3I3m_qdYmSuDIw7HX4M4K9KeMong', 'https://play-lh.googleusercontent.com/iDqGL54FI4jpP85YmmFaS5uBdYIjYWUpN-CfWBOvJUnQtKs9roCAnN4x4Z0i1NvsEj0', 'https://play-lh.googleusercontent.com/yTFI5IxkfZ7EGMbmYNQDVb99VIvostSo-HkCzvvgOM1UlxG7OtGOLyZmGeZc7n29H05A', 'https://play-lh.googleusercontent.com/3iy9stpVlrOqXqIu3YHcw5i7NAh0MQguOr0PWN2ILR3nheelYk7fC2kZzL6zSntRgg']",,,Rating 3+,,False,False,31 Jan 2022,4 Mar 2025,1741154393,2.24.0,[],id.co.bankraya.apps,https://play.google.com/store/apps/details?id=id.co.bankraya.apps&hl=id&gl=id
neobank dari BNC Digital,"Perkenalkan neobank, layanan perbankan dalam bentuk aplikasi digital persembahan Bank Neo Commerce yang sudah melayani 30 juta lebih pengguna.

Dengan tampilan yang user-friendly, neobank hadir dengan banyak fitur menarik yang bikin kamu makin mudah, aman, dan senang buat atur keuangan. Hanya butuh 5 menit untuk buka rekening secara online, dan bisa dapat hadiah hingga Rp350.000 untuk pengguna baru!

Manfaatkan berbagai fitur keren di neobank:

üí∞ Tabungan NOW
Tabungan yang bunganya cair setiap hari! Bebas buka rekening online dengan nominal setoran awal berapa pun, dan dapatkan bunga 4,25% p.a.

üìà Deposito WOW
Seperti menabung dengan bunga yang lebih tinggi, hingga 8% p.a. Setoran awal ringan, kamu bisa mulai dari Rp100 ribu. Tenor fleksibel, mau 7 hari sampai 1 tahun pun ada!

üÜô Level Membership
Nikmati lebih banyak kelebihan saat kamu berhasil meningkatkan levelmu. Mulai dari kupon eksklusif, kupon diskon pulsa dan tagihan, sampai menambah kuota transfer GRATIS antarbank!

üí∏ Free Transfer
Tingkatan level membership kamu dan dapatkan gratis transfer up to 30x/bulan!

üíµ Neo Loan
Butuh pinjaman yang transparan, pasti aman, dan tidak jadi beban? Neo Loan solusinya. Pengajuannya mudah, limitnya tinggi, dan cepat disetujui.

Tenor pinjaman: hingga 6 Bulan
Limit pinjaman: hingga Rp15.000.000
Bunga: 1,75% - 5,63% per bulan, atau 21% - 67,56% per tahun

Contoh: Jika kamu memiliki pinjaman Rp1.000.000 dengan tenor 6 bulan, maka bunga yang perlu dibayarkan adalah: Rp1.000.000 x 3,803% = Rp38.033 per bulan (Rp228.200 per 6 bulan). Maka total pelunasan adalah: Rp1.000.000 + Rp228.200 = Rp1.228.200. Cicilan per bulan adalah Rp204.700.

üí° Pembayaran & Pembelian Produk Digital
Semakin mudah serta praktis untuk pembayaran dan pembelian produk digital lewat aplikasi neobank. Nikmati juga cashback dari setiap transaksi kamu.

üõçÔ∏è hematpay
Dapatkan diskon instan untuk pembayaran lewat Virtual Account dan QRIS di merchant pilihan

üü† Neo Emas
Beli dan investasikan emas di merchant pilihan, dapatkan penawaran menarik dengan menggunakan aplikasi neobank.

üè™ Neo Bisnis
Kembangkan usaha kamu melalui Neo Bisnis. Bikin usaha kamu makin dikenal oleh jutaan pengguna neobank lainnya. Kamu juga dapat menemukan lokasi bisnis yang paling dekat dengan area kamu berada.

üí¨ Neo Chat
Gak perlu ke mana-mana lagi buat ngobrol online. Kamu bisa bebas chatting, kirim uang, bahkan bikin grup lewat fitur Neo Chat di aplikasi neobank yang aman dan super praktis. 

üîí Keamanan data
Aktivitas keuangan kamu dijamin lebih aman karena kami menerapkan sistem keamanan perbankan berlapis. Ada fitur Gestur Sandi dan PIN yang memastikan transaksi kamu selalu terlindungi.

Tentang Bank Neo Commerce
neobank adalah aplikasi tabungan dan deposito online dari Bank Neo Commerce (BNC). Hadir sejak tahun 1990 dengan nama Bank Yudha Bhakti (BBYB), kami bertransformasi menjadi neobank pertama di Indonesia yang memberikan layanan perbankan digital.

Dengan dukungan perusahaan fintech terkemuka di Indonesia, Akulaku, kami terus berinvestasi pada teknologi untuk memberikan produk dan layanan terbaru yang sesuai dengan kebutuhan nasabah, baik individu maupun korporasi.

PT Bank Neo Commerce Tbk berdomisili di Treasury Tower lt. 60, Kawasan District 8 Lot 28, Jl. Jend. Sudirman kav. 52-53, Senayan, Kebayoran Baru, Jakarta Selatan 12190, Indonesia. Terdaftar di Bank Indonesia dengan Izin Usaha No. 22/1017/UPPS/PSbD.  

Hubungi kami:
PT Bank Neo Commerce Tbk
www.bankneocommerce.co.id
üìû 1-500-190 (tanpa prefix atau kode wilayah)
üìß customercare@bankneo.co.id

Instagram: bankneocommerce
Facebook: Bank Neo Commerce
YouTube: Bank Neo Commerce
TikTok: @bankneocommerce
Twitter (X): @bankneocommerce
LinkedIn: PT Bank Neo Commerce Tbk

PT Bank Neo Commerce Tbk berizin & diawasi Otoritas Jasa Keuangan (OJK), serta merupakan bank peserta penjaminan Lembaga Penjamin Simpanan (LPS).","Perkenalkan neobank, layanan perbankan dalam bentuk aplikasi digital persembahan Bank Neo Commerce yang sudah melayani 30 juta lebih pengguna.<br><br>Dengan tampilan yang user-friendly, neobank hadir dengan banyak fitur menarik yang bikin kamu makin mudah, aman, dan senang buat atur keuangan. Hanya butuh 5 menit untuk buka rekening secara online, dan bisa dapat hadiah hingga Rp350.000 untuk pengguna baru!<br><br>Manfaatkan berbagai fitur keren di neobank:<br><br>üí∞ Tabungan NOW<br>Tabungan yang bunganya cair setiap hari! Bebas buka rekening online dengan nominal setoran awal berapa pun, dan dapatkan bunga 4,25% p.a.<br><br>üìà Deposito WOW<br>Seperti menabung dengan bunga yang lebih tinggi, hingga 8% p.a. Setoran awal ringan, kamu bisa mulai dari Rp100 ribu. Tenor fleksibel, mau 7 hari sampai 1 tahun pun ada!<br><br>üÜô Level Membership<br>Nikmati lebih banyak kelebihan saat kamu berhasil meningkatkan levelmu. Mulai dari kupon eksklusif, kupon diskon pulsa dan tagihan, sampai menambah kuota transfer GRATIS antarbank!<br><br>üí∏ Free Transfer<br>Tingkatan level membership kamu dan dapatkan gratis transfer up to 30x/bulan!<br><br>üíµ Neo Loan<br>Butuh pinjaman yang transparan, pasti aman, dan tidak jadi beban? Neo Loan solusinya. Pengajuannya mudah, limitnya tinggi, dan cepat disetujui.<br><br>Tenor pinjaman: hingga 6 Bulan<br>Limit pinjaman: hingga Rp15.000.000<br>Bunga: 1,75% - 5,63% per bulan, atau 21% - 67,56% per tahun<br><br>Contoh: Jika kamu memiliki pinjaman Rp1.000.000 dengan tenor 6 bulan, maka bunga yang perlu dibayarkan adalah: Rp1.000.000 x 3,803% = Rp38.033 per bulan (Rp228.200 per 6 bulan). Maka total pelunasan adalah: Rp1.000.000 + Rp228.200 = Rp1.228.200. Cicilan per bulan adalah Rp204.700.<br><br>üí° Pembayaran &amp; Pembelian Produk Digital<br>Semakin mudah serta praktis untuk pembayaran dan pembelian produk digital lewat aplikasi neobank. Nikmati juga cashback dari setiap transaksi kamu.<br><br>üõçÔ∏è hematpay<br>Dapatkan diskon instan untuk pembayaran lewat Virtual Account dan QRIS di merchant pilihan<br><br>üü† Neo Emas<br>Beli dan investasikan emas di merchant pilihan, dapatkan penawaran menarik dengan menggunakan aplikasi neobank.<br><br>üè™ Neo Bisnis<br>Kembangkan usaha kamu melalui Neo Bisnis. Bikin usaha kamu makin dikenal oleh jutaan pengguna neobank lainnya. Kamu juga dapat menemukan lokasi bisnis yang paling dekat dengan area kamu berada.<br><br>üí¨ Neo Chat<br>Gak perlu ke mana-mana lagi buat ngobrol online. Kamu bisa bebas chatting, kirim uang, bahkan bikin grup lewat fitur Neo Chat di aplikasi neobank yang aman dan super praktis. <br><br>üîí Keamanan data<br>Aktivitas keuangan kamu dijamin lebih aman karena kami menerapkan sistem keamanan perbankan berlapis. Ada fitur Gestur Sandi dan PIN yang memastikan transaksi kamu selalu terlindungi.<br><br>Tentang Bank Neo Commerce<br>neobank adalah aplikasi tabungan dan deposito online dari Bank Neo Commerce (BNC). Hadir sejak tahun 1990 dengan nama Bank Yudha Bhakti (BBYB), kami bertransformasi menjadi neobank pertama di Indonesia yang memberikan layanan perbankan digital.<br><br>Dengan dukungan perusahaan fintech terkemuka di Indonesia, Akulaku, kami terus berinvestasi pada teknologi untuk memberikan produk dan layanan terbaru yang sesuai dengan kebutuhan nasabah, baik individu maupun korporasi.<br><br>PT Bank Neo Commerce Tbk berdomisili di Treasury Tower lt. 60, Kawasan District 8 Lot 28, Jl. Jend. Sudirman kav. 52-53, Senayan, Kebayoran Baru, Jakarta Selatan 12190, Indonesia. Terdaftar di Bank Indonesia dengan Izin Usaha No. 22/1017/UPPS/PSbD.  <br><br>Hubungi kami:<br>PT Bank Neo Commerce Tbk<br>www.bankneocommerce.co.id<br>üìû 1-500-190 (tanpa prefix atau kode wilayah)<br>üìß customercare@bankneo.co.id<br><br>Instagram: bankneocommerce<br>Facebook: Bank Neo Commerce<br>YouTube: Bank Neo Commerce<br>TikTok: @bankneocommerce<br>Twitter (X): @bankneocommerce<br>LinkedIn: PT Bank Neo Commerce Tbk<br><br>PT Bank Neo Commerce Tbk berizin &amp; diawasi Otoritas Jasa Keuangan (OJK), serta merupakan bank peserta penjaminan Lembaga Penjamin Simpanan (LPS).","Layanan digital dari Bank Neo Commerce: tabungan, deposito & pinjaman",10.000.000+,10000000,30669986,3.3898115,278698,157759,"[87387, 15887, 16681, 18171, 140565]",0,True,IDR,False,,,,False,,Bank Neo Commerce: Bank with Digital Services,Bank+Neo+Commerce:+Bank+with+Digital+Services,customercare@bankneo.co.id,https://www.bankneocommerce.co.id/,,https://www.bankneocommerce.co.id/policy,Keuangan,FINANCE,"[{'name': 'Keuangan', 'id': 'FINANCE'}]",https://play-lh.googleusercontent.com/29-fa8r-aNxlmlyijeoxWbA41ak5wwB5sX8R1o50pIYEwjSDQb-d6GrApVeyJn3ddw,https://play-lh.googleusercontent.com/iNEof5xs4Tjw5GYk-rlD93eWInVype4iO7x1DUlC4sbpt785F8QtjIVVCsNRyuvJX-Nn,"['https://play-lh.googleusercontent.com/kDddcMlWZOzsIebkC1-KqGOn4jYPN1qcbP8KoY1CxbsrQ2Aw3hwejfHdsrC5LONri9o', 'https://play-lh.googleusercontent.com/lFetIVFahOtyiFClPRYRwo4yvh7CmesJrqyC9xUtqNRzJZP7ia-gsPm9XahMfruWHXc', 'https://play-lh.googleusercontent.com/GNisH1xLcPSYfTay7LGJ4gVMKFEYKi-1C1kDdZgYek5eJgdggzCO9QFFDrL4WlmmJA', 'https://play-lh.googleusercontent.com/uVxT5Zy0EiNaQdf8cyUqmSr5sbZgdqEj8Ij8TOIXwqx4eB-xT4xMnZ4ucpgPBkpAZNI', 'https://play-lh.googleusercontent.com/4I1ndGFX61xUT6Lzg6aHyRRApE8dxAovm200dNQYELM-WcD4Hjm1KLH4_0rpApmRCFfx', 'https://play-lh.googleusercontent.com/dfW5QEPg8kPkxLRuzpQ2ASenmf2CgIXrjyjZsUoVvDgQSl4XPftuZUkz81YukxQqZnCM', 'https://play-lh.googleusercontent.com/0nWy1o5Azq515mfXGeZHAb6cVIzfyOfsD1kawbEvPveHICDihj7jlJ7FVE2aYpv0N31L', 'https://play-lh.googleusercontent.com/pv7iVvTAL3PkD7F_NG8RmGKnVvK3vvcUhlpx_RPKKTbYsRy7Sa8tUssLCANTL5LAuw']",https://www.youtube.com/embed/YlAm60ApMbU?ps=play&vq=large&rel=0&autohide=1&showinfo=0,https://play-lh.googleusercontent.com/iNEof5xs4Tjw5GYk-rlD93eWInVype4iO7x1DUlC4sbpt785F8QtjIVVCsNRyuvJX-Nn,Rating 3+,,False,False,22 Mar 2021,21 Mar 2025,1742541814,3.4.60,[],com.bnc.finance,https://play.google.com/store/apps/details?id=com.bnc.finance&hl=id&gl=id
